{
    "key": "group_5bae96cfb0cef",
    "title": "Category Pages",
    "fields": [
        {
            "key": "field_5ac59e450d24a",
            "label": "Category this page represents",
            "name": "category_this_page_represents",
            "type": "taxonomy",
            "instructions": "",
            "required": 1,
            "conditional_logic": 0,
            "wrapper": {
                "width": "",
                "class": "",
                "id": ""
            },
            "taxonomy": "category",
            "field_type": "select",
            "allow_null": 0,
            "return_format": "id",
            "multiple": 0,
            "add_term": 1,
            "load_terms": 0,
            "save_terms": 0
        },
        {
            "key": "field_5af459c7d7e60",
            "label": "Menu to display",
            "name": "menu_to_display",
            "type": "text",
            "instructions": "This field is used for 'category pages'. It requires the 'name' of the menu to be displayed. Only change this if you know what you are doing",
            "required": 0,
            "conditional_logic": 0,
            "wrapper": {
                "width": "",
                "class": "",
                "id": ""
            },
            "default_value": "",
            "placeholder": "",
            "prepend": "",
            "append": "",
            "formatting": "none",
            "maxlength": ""
        },
        {
            "key": "field_5ac59e6f0d24b",
            "label": "Hexagon #1 Title",
            "name": "hexagon_1_title",
            "type": "text",
            "instructions": "",
            "required": 0,
            "conditional_logic": 0,
            "wrapper": {
                "width": "",
                "class": "",
                "id": ""
            },
            "default_value": "",
            "placeholder": "",
            "prepend": "",
            "append": "",
            "formatting": "none",
            "maxlength": ""
        },
        {
            "key": "field_5ac59f0403597",
            "label": "Hexagon #1 Text",
            "name": "hexagon_1_text",
            "type": "text",
            "instructions": "",
            "required": 0,
            "conditional_logic": 0,
            "wrapper": {
                "width": "",
                "class": "",
                "id": ""
            },
            "default_value": "",
            "placeholder": "",
            "prepend": "",
            "append": "",
            "formatting": "none",
            "maxlength": ""
        },
        {
            "key": "field_5ac59f530359b",
            "label": "Hexagon #1 Link",
            "name": "hexagon_1_link",
            "type": "text",
            "instructions": "",
            "required": 0,
            "conditional_logic": 0,
            "wrapper": {
                "width": "",
                "class": "",
                "id": ""
            },
            "default_value": "",
            "placeholder": "",
            "prepend": "",
            "append": "",
            "formatting": "none",
            "maxlength": ""
        },
        {
            "key": "field_5ac59ebdadc30",
            "label": "Hexagon #2 Title",
            "name": "hexagon_2_title",
            "type": "text",
            "instructions": "",
            "required": 0,
            "conditional_logic": 0,
            "wrapper": {
                "width": "",
                "class": "",
                "id": ""
            },
            "default_value": "",
            "placeholder": "",
            "prepend": "",
            "append": "",
            "formatting": "none",
            "maxlength": ""
        },
        {
            "key": "field_5ac59f2203598",
            "label": "Hexagon #2 Text",
            "name": "hexagon_2_text",
            "type": "text",
            "instructions": "",
            "required": 0,
            "conditional_logic": 0,
            "wrapper": {
                "width": "",
                "class": "",
                "id": ""
            },
            "default_value": "",
            "placeholder": "",
            "prepend": "",
            "append": "",
            "formatting": "none",
            "maxlength": ""
        },
        {
            "key": "field_5ac59f710359c",
            "label": "Hexagon #2 Link",
            "name": "hexagon_2_link",
            "type": "text",
            "instructions": "",
            "required": 0,
            "conditional_logic": 0,
            "wrapper": {
                "width": "",
                "class": "",
                "id": ""
            },
            "default_value": "",
            "placeholder": "",
            "prepend": "",
            "append": "",
            "formatting": "none",
            "maxlength": ""
        },
        {
            "key": "field_5ac59eccadc31",
            "label": "Hexagon #3 Title",
            "name": "hexagon_3_title",
            "type": "text",
            "instructions": "",
            "required": 0,
            "conditional_logic": 0,
            "wrapper": {
                "width": "",
                "class": "",
                "id": ""
            },
            "default_value": "",
            "placeholder": "",
            "prepend": "",
            "append": "",
            "formatting": "none",
            "maxlength": ""
        },
        {
            "key": "field_5ac59f3303599",
            "label": "Hexagon #3 Text",
            "name": "hexagon_3_text",
            "type": "text",
            "instructions": "",
            "required": 0,
            "conditional_logic": 0,
            "wrapper": {
                "width": "",
                "class": "",
                "id": ""
            },
            "default_value": "",
            "placeholder": "",
            "prepend": "",
            "append": "",
            "formatting": "none",
            "maxlength": ""
        },
        {
            "key": "field_5ac59f7a0359d",
            "label": "Hexagon #3 Link",
            "name": "hexagon_3_link",
            "type": "text",
            "instructions": "",
            "required": 0,
            "conditional_logic": 0,
            "wrapper": {
                "width": "",
                "class": "",
                "id": ""
            },
            "default_value": "",
            "placeholder": "",
            "prepend": "",
            "append": "",
            "formatting": "none",
            "maxlength": ""
        },
        {
            "key": "field_5ac59ed8adc32",
            "label": "Hexagon #4 Title",
            "name": "hexagon_4_title",
            "type": "text",
            "instructions": "",
            "required": 0,
            "conditional_logic": 0,
            "wrapper": {
                "width": "",
                "class": "",
                "id": ""
            },
            "default_value": "",
            "placeholder": "",
            "prepend": "",
            "append": "",
            "formatting": "none",
            "maxlength": ""
        },
        {
            "key": "field_5ac59f410359a",
            "label": "Hexagon #4 Text",
            "name": "hexagon_4_text",
            "type": "text",
            "instructions": "",
            "required": 0,
            "conditional_logic": 0,
            "wrapper": {
                "width": "",
                "class": "",
                "id": ""
            },
            "default_value": "",
            "placeholder": "",
            "prepend": "",
            "append": "",
            "formatting": "none",
            "maxlength": ""
        },
        {
            "key": "field_5ac59f8a0359e",
            "label": "Hexagon #4 Link",
            "name": "hexagon_4_link",
            "type": "text",
            "instructions": "",
            "required": 0,
            "conditional_logic": 0,
            "wrapper": {
                "width": "",
                "class": "",
                "id": ""
            },
            "default_value": "",
            "placeholder": "",
            "prepend": "",
            "append": "",
            "formatting": "none",
            "maxlength": ""
        }
    ],
    "location": [
        [
            {
                "param": "post_type",
                "operator": "==",
                "value": "page"
            },
            {
                "param": "page_template",
                "operator": "==",
                "value": "page-category-template.php"
            }
        ],
        [
            {
                "param": "post_type",
                "operator": "==",
                "value": "page"
            },
            {
                "param": "page",
                "operator": "==",
                "value": "14"
            }
        ],
        [
            {
                "param": "post_type",
                "operator": "==",
                "value": "page"
            },
            {
                "param": "page",
                "operator": "==",
                "value": "40"
            }
        ],
        [
            {
                "param": "post_type",
                "operator": "==",
                "value": "page"
            },
            {
                "param": "page",
                "operator": "==",
                "value": "46"
            }
        ],
        [
            {
                "param": "post_type",
                "operator": "==",
                "value": "page"
            },
            {
                "param": "page",
                "operator": "==",
                "value": "54"
            }
        ]
    ],
    "menu_order": 0,
    "position": "normal",
    "style": "default",
    "label_placement": "top",
    "instruction_placement": "label",
    "hide_on_screen": "",
    "active": 1,
    "description": "",
    "modified": 1540050182
}