{
    "key": "group_5bae96cfdea8f",
    "title": "Credit Card Tool",
    "fields": [
        {
            "key": "field_5b617671765df",
            "label": "Description",
            "name": "description",
            "type": "wysiwyg",
            "instructions": "",
            "required": 0,
            "conditional_logic": 0,
            "wrapper": {
                "width": "",
                "class": "",
                "id": ""
            },
            "default_value": "",
            "toolbar": "full",
            "media_upload": 1,
            "tabs": "all",
            "delay": 0
        },
        {
            "key": "field_5b33651bda071",
            "label": "Revenued Rating",
            "name": "revenued_rating",
            "type": "number",
            "instructions": "",
            "required": 0,
            "conditional_logic": 0,
            "wrapper": {
                "width": "",
                "class": "",
                "id": ""
            },
            "default_value": 1,
            "placeholder": "",
            "prepend": "",
            "append": "",
            "min": 1,
            "max": 5,
            "step": ""
        },
        {
            "key": "field_5b336627cb8f3",
            "label": "CTA Button Link to the Card",
            "name": "cta_button_link_to_the_card_",
            "type": "text",
            "instructions": "",
            "required": 0,
            "conditional_logic": 0,
            "wrapper": {
                "width": "",
                "class": "",
                "id": ""
            },
            "default_value": 2,
            "placeholder": "",
            "prepend": "",
            "append": "",
            "formatting": "html",
            "maxlength": ""
        },
        {
            "key": "field_5b336694cb8f4",
            "label": "APR",
            "name": "apr",
            "type": "text",
            "instructions": "",
            "required": 0,
            "conditional_logic": 0,
            "wrapper": {
                "width": "",
                "class": "",
                "id": ""
            },
            "default_value": 3,
            "placeholder": "",
            "prepend": "",
            "append": "",
            "formatting": "html",
            "maxlength": ""
        },
        {
            "key": "field_5b3366b2cb8f5",
            "label": "Fees",
            "name": "fees",
            "type": "text",
            "instructions": "",
            "required": 0,
            "conditional_logic": 0,
            "wrapper": {
                "width": "",
                "class": "",
                "id": ""
            },
            "default_value": "",
            "placeholder": "",
            "prepend": "",
            "append": "",
            "formatting": "html",
            "maxlength": ""
        },
        {
            "key": "field_5b3366dccb8f6",
            "label": "Annual Income",
            "name": "annual_income",
            "type": "text",
            "instructions": "",
            "required": 0,
            "conditional_logic": 0,
            "wrapper": {
                "width": "",
                "class": "",
                "id": ""
            },
            "default_value": "",
            "placeholder": "",
            "prepend": "",
            "append": "",
            "formatting": "html",
            "maxlength": ""
        },
        {
            "key": "field_5b33671acb8f7",
            "label": "Recommended Credit Score",
            "name": "recommended_credit_score",
            "type": "text",
            "instructions": "",
            "required": 0,
            "conditional_logic": 0,
            "wrapper": {
                "width": "",
                "class": "",
                "id": ""
            },
            "default_value": "",
            "placeholder": "",
            "prepend": "",
            "append": "",
            "formatting": "html",
            "maxlength": ""
        },
        {
            "key": "field_5b470865c5a59",
            "label": "Score",
            "name": "score",
            "type": "text",
            "instructions": "",
            "required": 0,
            "conditional_logic": 0,
            "wrapper": {
                "width": "",
                "class": "",
                "id": ""
            },
            "default_value": "",
            "placeholder": "",
            "prepend": "",
            "append": "",
            "formatting": "html",
            "maxlength": ""
        }
    ],
    "location": [
        [
            {
                "param": "post_type",
                "operator": "==",
                "value": "product"
            }
        ]
    ],
    "menu_order": 0,
    "position": "normal",
    "style": "default",
    "label_placement": "top",
    "instruction_placement": "label",
    "hide_on_screen": "",
    "active": 1,
    "description": "",
    "modified": 1540050199
}